battery,standard_R2,recursive_R2,persistence_R2,standard_RMSE,recursive_RMSE,persistence_RMSE,horizon_1_R2,horizon_5_R2,horizon_10_R2,horizon_20_R2,error_propagation_rate
B0005,0.9893212851507484,0.8998646701768424,0.9951242576293226,0.009837528215748589,0.030124521855807922,0.0066219872757287855,0.8917511727958038,0.8589796050505498,0.7989023797448876,0.6163949817487201,-9.692135087120412e-05
B0006,0.9175250738548467,0.8958964528555209,0.9908864099022059,0.03420438772073995,0.03842851628830238,0.011272101298122169,0.8946634588637044,0.8866276853956792,0.8589693072639435,0.7352849409894324,0.0002634716551483959
B0007,0.9301516170257257,0.5256861598550162,0.9939666061738589,0.021205263783682024,0.05525841193994378,0.0062065373924183745,0.5168543884659305,0.472503649984933,0.39131437765005717,0.17140053023047042,0.00035855397368823096
B0018,0.9775766131671223,0.9152345376869812,0.9780752733506691,0.011552542123575232,0.02246137940051164,0.011303223108550559,0.9017119949458634,0.862651256498911,0.7654121461198564,0.4022531807194656,0.00012657008586724686
